"First Name","Last Name","Email Address"
"Mark","Kirk","mark.kirk@shangri-la.com"
"Mark","Dike","president@citn.org"
"Mark","Dike","mactony.dike@gmail.com"
"Mark","Benton			","mark.benton@dhl.com"
"Mark","Rollins","mark.rollins@bg-group.com"
"Mark","","giorgio.battistini@bg-group.com"
"Mark","Doumet","mark@loftconstruction.net"
"Mark","Weichold","mark.weichold@qatar.tamu.edu"
"Mark","Donderwinkel","mark.donderwinkel@thalesgroup.com"
"Mark","Ford","mford@dubaibritishschool.ae"
"Mark","Leppard","mle@dohacollege.com"
"Mark","Vidler","mvidler@woqod.com.qa"
"Mark","Lee","mark@mediaonehotel.com"
"Mark","Fisher","mark.fisher@nasdaqdubai.com"
"Mark","","mark.s@thebusinessyear.com"
"Mark","Rudman","mark.rudman@fgould.com"
"Mark","Filimontsev","mark_filimontsev@bat.com"
"Mark","Dike","mactony@gmail.com"
"Mark","Hunt","mark.hunt@mclarengroup.com"
"Mark","Chua","mark@2cool.com.my"
"Mark","","mark.beech@tcaabudhabi.ae"
"Mark","","mark.benson@se1.bp.com"
"Mark","","mark.tucker@se1.bp.com"
"Mark","","mark.lawson@se1.bp.com"
"Mark","Gray","mark-stephen.gray@ec.europa.eu"
"Mark","Daniel","mark.daniel@exprogroup.com"
"Mark","Mccarthy","mark.mccarthy@rotana.com"
"Mark","Crisp","mark.crisp@grupohelm.com"
"Mark","Neukomm","mark.neukomm@ritzcarlton.com"
"Mark","Adams","mark.adams@angloarabian-healthcare.com"
"Mark","","mark.brannen@kbr.com"
"mark","daniel","mark.daniel@exprogroup.com"
"Mark","Armstrong","gh071fv6nx@gmail.com"
"Mark","Robert ","dominatio23@hotmail.com"
"MARK","SPIRIDON","mspiridon@smcinteriors.com"
"Mark","Bednar","m.bednar@conak.hu"
"Mark","Jenkins","mark.jenkins@shoaibigroup.com"
"Mark","Cooper","mark.cooper@lloyds.com"
"Mark","Robinson","mark.robinson@cbi.ae"
"MARK","JENKINS","mark . jenkins@shoaibigroup.com"
"Mark","Nakrop","mark@nforcesecure.com"
"Mark","Ainger","mark.ainger@fgould.com"
"Mark","Whelan","mwhelan@alpha-grouo.ae"
"Mark","Hulyer","markhulyer@trinitymorgan.com"
"Mark","Sawkins","mark.sawkins@fairmont.com"
"Mark","Halstead","mark.halstead@vale.com"
"Mark","Bingle","mark.bingle@fourseasons.com"
"Mark","Richardson","mark.richardson@ventustravel.net"
"Mark","Cooke ","Mark.cooke@mosanada.qa"
"Mark","HARDAKER","Mark.hardaker@Triomada.com"
"Mark","Loxley","mark.loxley @tsogosun.com"
"Mark","Beckford Douglas","mbeckford@larbeckconsultores.com"
"mark","Igoche","imark@bullionproperties.com.ng"
"Mark","Geilenkirchen","mark.geilenkirchen@soharportandfreezone.com"
"Mark","Douglas","mark.douglas@dwagh.com"
"mark","wagstaff","mark.wagstaff@pfizer.com"
"Mark","Rackham","mracxkham@al-zamangroup.com"
"Mark","Geilenkirchen","mark.geilenkirchen@soharportfreeazone.com"
"Mark","Milovanovic","m.milovanovic@premedion.de"
"Mark","Esparagoza","markrodel.s.esparagoza@hsbc.com"
"Mark","Ryder","mark.ryder@informa.com"
"Mark","Pike","mark.pike@ehiglobal.com.jm"
"Mark","Timbrell","mark.timbrell@kempinski.com"
"Mark","Walker","mwalker@nexsan.com"
"Mark","Monaghan","mmonaghan@khiron.ca"
"Mark","Gyetvay","mgyetvay@novatek.ru"
"Mark","Vrijmoed","markv@pathfindertradeandinvest.com"
"Mark","Naylor","cco@qiblah.com.kw"
"Mark","Douglass","mar09dougl@gmail.com"
"Marjon","Van Dinther","mvdinther@ccph.pt"
"Marjo","Louw","marjo.louw@sasol.com"
"Mariza","Sugraliyeva","m.sugraliyeva@allurauto.kz"
"Mariyam","Abisheva","mariyam.abisheva@bcc.kz"
"Mariyam","Obaidli","mariyam.alobaidli@zu.ac.ae"
"Mariyam","Kisat","mariyamkisat@dmgeventsme.com"
"Mariya","Chshegortsova","m_chshegortsova@office.ducat.kz"
"Mariya","Al Qasmi","mariya.al-qasmi@paew.gov.om"
"mariwan","said","mmariwan@hotmail.com"
"Marius","Wolmarans","marius.wolmarans@radissonblu.com"
"marius","mehner","mehner@gtcc.org"
"Marius","Mehner","mehner@gtcc.org"
"Marius","Pangea","marius.pantea@reea.net"
"Marius","Wolmarans","marius.wolmarans@radissonblu.com"
"Maritza","Dominici","maritza.dominici@psa.com.pa"
"Maritza","Moreno","gerencia@empresamoreno.com"
"Maritza","Rodrí­guez","maritza.zabala@sena.edu.co"
"Maritza","Delgado","maridelg@gmail.com"
"Maritza","Garzon Vargas","maritza.garzon@emtelco.com.co"
"Maritza","Rondon","maritza.rondon@ucc.edu.co"
"Marites","Ayroso","tess@airlink.ae"
"Marit","Cruz","marit.cruz@lafarge.com"
"Marisssa","Edulan","medulan@qatar.cmu.edu"
"Marissa Alejandra","Carreon Bautista","gccdisenocorporativo@gmail.com"
"Marissa","","marissa.brown@se1.bp.com"
"Marissa","Thayer","marissa.thayer@americantradehotel.com"
"Marisol","Huidobro","mlopezh@bancobase.com"
"Marisol","Vargas","mvargas@heidrick.com"
"Marisol","Torres","mtorres@oxohotel.com"
"Marisol","Betancourt","betancourt@enel.com"
"Marisol","Ballen","marisol.arenas@adecco.com"
"Marisol","Cuevas","garciacuevasmarisol@gmail.com"
"MARISOL","RODRIGUEZ","marisol@tova.com.pa"
"marisol","roro","marirorod@gmail.com"
"Marisol","Velasco","marisol.velasco@municipio-pma.gob.pa"
"Marisol","Mosquera","mosquera_m@mercurequito.com.ec"
"Marisol","Duque","asanta@ecopharm.ca"
"Mariska","Hulley","mariska.hulley@ramadaplazajbr.com"
"Marisela ","Gonzalez ","magonzalez@mici.gob.pa"
"Marisela","Peña","202gerent@bancodeoccidente.com.co"
"Marisela","Barranco","marisela.barranco@eluniversal.com.mx"
"marisa-t@svoa.co.th","","marisa-t@svoa.co.th"
"Marisa","Guambe","mfguambe@gmail.com"
"MariPaz","Castanedo","mp_castanedo@yahoo.com"
"Marious","","m.potgieter@ascsgulf.com"
"Marion.engin","","marion.engin@zu.ac.ae"
"Marion","Sanguesa","m.sanguesa@salams.com"
"Marion","Pages","marion.pages@ingeniocapital.com"
"Marion","Chehab","admin@gbc-kuwait.org"
"MARIO ","VEGA","mvega@ivfpanama.com"
"MARIO ","FONSECA","fonsecayaso@cableonda.net"
"Mário","Duarte","mdmirradoduateduarte86@gmail.com"
"Mário","Beirolas","mario.beirolas@chitotolo.net"
"Mario","Olivera","mjvergel001@yahoo.com"
"Mario","Olivera","mjvergel001@yahoo.com.mx"
"Mario","","mario.paez@alsea.com.mx"
"Mario","Granizo","mario@carmaxrentacar.com"
"Mario","Zabalah","mario.ramirez@arzyz.com"
"Mario","","mario.aguilar@presidencia.go.cr"
"Mario","","mdelaserna@globalbusiness.uk.com"
"Mario","","mario.sgarrella@edalman.com"
"Mario","Llamas","mllamas@cerrey.com.mx"
"Mario","Aguilar","arguba@arguba.com.mx"
"Mario","Castro","mmaciel@cibanco.com"
"Mario","Trivino","midrovo@mmrree.gob.ec"
"Mario","Castillon","mario.garza@smurfitkappa.com.mx"
"Mario","Wong","mmunoz@jamsandt.com"
"Mario","Cruz","mario.cruz@aviancataca.com"
"Mario","Lopez","fonsecayaso@cableonda.net"
"Mario","Machungo","mmachungo@milleniumbim.co.mz"
"Mario","González","magonzalez@fwdeca.com"
"Mario","Sgarella","mario.sgarrella@edelman.com"
"Mario","Macaringue","mario.macaringue@rhdhv.co.mz"
"Mario","Orlovic","morlovic@revuboe.com"
"Mario","Cotes","mhcpercidencia@gmail.com"
"Mario","Manganhela","mario.manganhela@gmail.com"
"Mario","Pasquel","mmolina@centromariomolina.org"
"Mario","Oliveira","h0561-re@sofitel.com"
"Mario","Ferro","mario.ferro@ferroeferro.co.mz"
"Mario","Orozco","mromero@rotoplas.com"
"Mario","Machungo","mamchungo@millenniumbim.co.mz"
"Mario","Escobar","me@ashmont.ca"
"Mario","Martinez","mcorrea@scotiacb.com.mx"
"Mario","Vela","mvela@mnyl.com.mx"
"Mario","Dehesa-dávila","mdehesa@imf.org"
"Mario","Machungo","mmachungo@millenniumbim.co.mz"
"Mario","Torre","mtorre@shd.it"
"Mario","Zamora","gerencia@momposoil.com.co"
"Mario","Saradar","mario@saradar.com"
"Mario","Jimenez","jefe.ecommerce@heritagegroup.com.co"
"Mario","Fernandes","mario.mfernandes@gmail.com"
"Mario","Vega Frola","mario.vega@c3consensus.com"
"Mario","Coello","macoello@dipasa.com"
"Mario","Collat","mariocollat81@gmail.com"
"Mario","Vargas","vargas_jimenez@hotmail.com"
"Mario","Garza","mariogl@grupomasvalor.mx"
"Mario","González ","mario.gonzalez@otis.com "
"Mario","Alvarado","alyvisa@acope.com"
"Mario","Lagunes","mario.lagunes@technipfmc.com"
"Mario","Solis","patricios@coopesantos.com"
"Mario","Aguirre Serralde","mario.aguirre@kdmfiresystems.com"
"Mario","Islas","contacto@ar218.com"
"Mario","Islas","contacto@ar2018.com"
"Mario","Gabriel Bubedo","budebomario@exickd.com"
"Mario","Silva","mariojorge.silva@tintextiles.com"
"Mario","Hirose","mario.hirose@dotgroup.com.br"
"Mario","Castillo","mario.castillo@datacr.com"
"Mario","Salomon","country.manager@multisistemas.com.mx"
"Mario","Gonzalez Salinas","Mario.GonzalezS@andritz.com"
"Mario","Hernandez Rivera","mario.hernandez@eossoftware.mx"
"Mario","Maury","mmaury@cuc.edu.co"
"Mario","Cuevas","mariocuevas@dbshipagency.com"
"Mario","Vela","mario.vela@prudential.com"
"Mario","Lopez","mariolopezmestas@gmail.com"
"Mario","Estupiñan","mestupinan@fiduoccidente.com.co"
"Marino Germán","Narváez Reyes","mg.narvaez144@uniandes.edu.co"
"Marino","Pieterse","info@uraniumletterint.com"
"Marino","Uribe","mdelrio@dicel.com.co"
"Marino","Ramirez","marino_ramirez@sww.com.do"
"marino","narvaez","mnarvaez@cci.org.co"
"Marini MD ","Saari","marini.saari@mhtc.org.my"
"Marinda","Thornhill","marinda_thornhill1@yahoo.com"
"marina ","oplachko","marina.oplachko@ge.com"
"Marina","Clea","mclea@bandelta.com"
"Marina","Clare","mclare@bandelta.com"
"Marina","Araigy","pr@basilsoda.com"
"Marina","Yusof","marina@matrade.gov.my"
"Marina","Kushayeva","marina.kushayeva@basf.com"
"Marina","Kushayeva","marina.kushayeva@atastroy.com"
"Marina","B","mbartosh@richart.ru"
"Marina","Sandulyak","pbd@ebaoxford.co.uk"
"Marina","Stojanovska","marina@falconcity.com"
"Marina","Captinih","marina@sfeirindustries.com"
"Marina","Morales","marina.morales@mileniumgroup.la"
"Marina","Vorobyeva","vorobyevam92@gmail.com"
"Marina","Bucar","mbucar@kpmg.com"
"Marin","Shibu","Marin.Shibu@maf.ae"
"Marin","Elsa Thomas","manomainternational@gmail.com"
"Marilyn","","marilyn_968@hotmail.com"
"Marilyn","","fungmarilyn@hotmail.com"
"Marilyn","Brown","marilyn.brown@orbitalatk.com"
"Marilu","Palacios","mpalacios@joyeria-aldo.com"
"Marilu","Vargas","marilu.vargasl@syninversiones.com"
"Mariló","Morales","Maria-Dolores.morales@gefco.net"
"Marilis","Perez","marilisp@hotmail.com"
"Mariia","Manuilova","masha-billy@mail.ru"
"MaríƒÂ­a","Vera","mrfabara@fabara.ec"
"MaríƒÂ­a","GonzíƒÂ¡lez","mgonzalez@pro.eppetroecuador.ec"
"Marieta","Espinal","mespinal@idac.gob.do"
"Marienne","Cruz","marienne.cruz@mill-plazadubai.com"
"Marien","De Moya","m.demoya@unibe.edu.do"
"Mariemma","Nava","mariemma@highresults.net"
"Mariem","Abu Nahl","mabunahl@jre.com.qa"
"MARIEM","EL BOULLAILI","proc_trans@yahoo.fr"
"Marielle","Pellerano Heinsen","m.pellerano@autobritanica.com"
"Mariella","Baez","m.baez@colombianembassy.co.uk"
"Marielena","JarríƒÂ­n","mjarrin@fabara.ec"
"Mariela","Malaga","mariela.malaga@basf.com"
"Mariela","Ramí­rez","mramirez@gruporojas.com.do"
"Mariel ","Jiménez","mariel_jimenez@praxair.com"
"Mariel","Ledesma","miedesma@arssenasa.gov.do"
"Mariel","Vargas","mvargas@holomex.com.mx"
"Mariel","Ledesma","mledesma@arssenasa.gov.do"
"Mariel","Andrade","mariel.andrade@schneider-electriccom"
"Mariel","Serrano","mariel.serrano@jaguar-ep.com"
"MARIE-GABRIELLE","PALAU","marie@omniamag.com"
"Marie-claire","Chammas","marieclaire.chammas@sportmotorsgroup.com"
"Marie Claire","von Alvensleben","absolutelymc@gmail.com"
"Marie","","elite@alhashimigroup.com"
"Marie","Msellemu","marie.msellemu@sumatra.or.tz"
"Marie","Lou","malouk.karam@hotmail.com"
"Marie","Townshend","3aeditores@revistatransports.com"
"Maricruz","Chacón","maribeatle1993@gmail.com"
"Maricris","Limbo","maricris.limbo@rotana.com"
"Maricia","Boimorto","maria.boimorto@kaspersky.com"
"Maricel","Cruz Temblique","maricel.cruz@dusit.com"
"Marice","Rivero","mrivero@lafabril.com.ec"
"Maricarmen","Domí­nguez","mdominguez@iasanet.com.mex"
"Maricarmen","Cruz","maricarmen@rh-shipping.com"
"Maricarmen","Catala","maricarmen.catala@credit-suisse.com"
"Maricarmen","Fedalto","maricarmen.fedalto@pe.g4s.com"
"Maricarmen","Torres","maricarmen.torres@pepsico.com"
"Maricar","Cinco","maricar@dubaipearl.com"
"Maribel","Dextre Altez","mdextre@clinicajavierprado.com.pe"
"Maribel","Montero","maribel@preciousoman.com"
"Maribel","Dos Santos Fernandez","maribel.dossantos@oracle.com"
"Mariano","Aguiló","maguilo@eulen.com"
"Mariano","Gonzalez","mariano.gonzalez@moorfields.com"
"Mariano","Gonzalez","mariano.gonzalez@moorfields.ae"
"Mariano","Patane'","mariano.patane@cmskz.com"
"Mariano","Arnau","mgonzaleza@grupoaltavista.com.mx"
"Mariano","Zarazaga Ferrer","zfm@mrecic.ov.ar"
"Mariano","","mariano.gonzalez@moorfields.nhs.uk"
"Mariano","Arias","marias@uccaep.or.cr"
"Mariano","Ecija","mariano_ecija@hdm.honda.com"
"Mariano","Menéndez","mmenendez@forbes.com.mx"
"Marianne","Adaimi","m.adaimi@lgu.edu.lb"
"Marianne","Hoayek","mhoayek@bdl.gov.lb"
"Marianna","Pashinskaya ","marianna@thebusinessyear.com"
"Mariángela","Chavez","mariangelach2@hotmail.com"
"Marianella","Cordova","pilar.rubio@udep.pe"
"marianella","barboza-ugalde","marianella@hospimedicacr.com "
"Marianela","Palacios","mpalacios@mef.gob.pa"
"Marianela","Ortuño Pinto","mortuno@improsa.com"
"Marianela","Ubilla","mubilla@zulay.com"
"Mariana ","Marcano Franco","mmarcano@stratego.com.pa"
"Mariana","Nunes","mariana.nunes@hyatt.com"
"Mariana","Flores","daniela.dominguez@motorolasolutions.com"
"Mariana","Oca","mariana.cortes@economia.gob.mx"
"Mariana","Lara","mariana.lara@eppetroecuador.ec"
"Mariana","Maurer","mariana.maurer@grunenthal.com"
"Mariana","Corral","asi.gerencia@marbelize.com"
"Mariana","Bravo","mariana.bravo@presidencia.gob.ec"
"Mariana","Chavez","mchavez@hyunday-mexico.com"
"Mariana","Córdoba","prensamincultura@mincultura.gov.co"
"Mariana","Monroy","inversionistas@qualitas.com.mx"
"Mariana","Franco","mariana.franco@delima.com.co"
"Mariana","Rodriguez","mariana.rodriguez@upc.edu.pe"
"Mariana","Cortés","mariana.cortes@economia.gob.mx"
"Mariana","Valdivia","valdiviam@dnbperu.com.pe"
"Mariana","Amado","mariana.amado@gmail.com"
"Mariana","Amado","amadom@google.com"
"Mariana","Rusek ","mrusek@mitrol.net"
"Mariana","Escobar","escobarmariana93@gmail.com"
"mariana","Mira Correa","mcorrea@presidencia"
"Mariana","Hidalgo","mhidalgo@thegreenparkfz.com"
"Mariana","Inverno","marianainverno@pubcosmos.com"
"Mariana","Coutinho","mariana.coutinho@altran.com"
"Mariana","El Khoury","mariana.elkhoury@khcf.jo"
"Mariana","Muñoz","mariana@terrazabalear.com"
"Marian","Mouriño","marian.mouriño@gruges.com.mx"
"Marian","Canales","mcanales@crownww.com"
"Marian","Mouriño","marian.mourino@gruges.com.mx"
"Marian","Carlino","sales4@italfood.ae"
"MARIAM  RAJAN","RAJAN","mariam.rajan@gmail.com"
"Mariam ","AL KHATERI","mkhateri@dctabudhabi.ae"
"Mariam","","mariam@climaxuae.ae"
"Mariam","Elsamny","mariam.elsamny@dunia.ae"
"Mariam","Miri","mariam@binzayed.ae"
"Mariam","Zaabi","malzaabi@gasco.ae"
"Mariam","Saif","mariam.saif@pension.gov.ae"
"Mariam","","media@rcuae.ae"
"Mariam","","mariam.alshomali@cwm.ae"
"Mariam","Mubarak","mariam.mubarak@rcuae.ae"
"Mariam","Omaira","mariam.alomaira@fbma.ae"
"Mariam","","mariam.zaghloul@adia.ae"
"Mariam","Mohammed","info@maktoubng.com"
"Mariam","El Chami","Mariam.Elchami@edelman.com"
"mariam","mohd ali","mariam@iumw.edu.my"
"Mariam","Al Maskari","mariam@almaskariholding.com"
"Mariam","Mujtaba","mariam.mujtaba@gmail.com"
"Mariam","Taha","mtaha@dlalaholding.com"
"Mariam","Al Zaabi","mariam.alzaabi.zu@hotmail.com"
"Mariak Karmen Ganthous","Ganthous","countrymanager@weepanama.com"
"MariaJuan FlumeriAbellan","FlorettiRios","Mariajuanflumeriabellan@gmail.com"
"Mariah","Ganthous Adem","countrymanager@flexcompanama.com"
"Maria.salceda@sca.com","","maria.salceda@sca.com"
"MARIA TERESA ","SEPTIEN","mseptien@afimacglobal.com"
"MARIA TERESA","VILLENA RAMIREZ","mtvillenar@gmail.com"
"Maria Paula","Montoya","mpm@thebusinessyear.com"
"Maria Liza Sidra","Bardoquillo","duty.manager@ezdancurve.qa"
"Maria L","Reyes","marialorenamorales@gmail.com"
"Maria Josep","Coral","mariajosep.coral@racc.es"
"Maria Jose","Ramirez Sepulveda","mariajoseramirez@fenalco.com.co"
"Maria João","Pedreira","mpedreira@procesl.pt"
"Maria Irma","Madrid","nataly_almz@hotmail.com"
"Maria Giulia","Di Loreto","giulia.diloreto@gmail.com"
"Maria Eloisa","Navero","maria@internationalpropertyshow.ae"
"Maria Elisa","CHIM","maria.chim@bollore.com"
"Marí­a Elena","Aragón","mearagon@mbservicios.com"
"Marí­a E.","González","maru.gonzalez@extrategia.com.mx"
"MARIA CONSUELO","ZAMORA","consuelo.zamora@yahoo.es"
"Maria Carolina","Sanchez","carolisa@microsoft.com"
"Maria Camila","Fonnegra","camiña.fonnegra@pestana.com"
"Maria Camila","Fonnegra","camila.fonnegra@pestana.com"
"maria antonette","cardoso","maria.cardoso@bilfinger.com"
"Maria Alejandra","Chaparro Cardenas","alejandra.chaparro@linde.com"
"Maria Alejandra","Almillategui","malmillategui@senacyt.gob.pa"
"Maria Alejandra","Almillategui","malmillategui@senacyt.gob.pa"
"Marí­a ","Chiriboga","mlchiriboga@hotmail.con"
"Maria ","Mikey","mmikey@kimep.kz"
"maria ","gonzalez","marilugb13@gmail.com"
"Maria ","Asmarianaki ","maria@thebusinessyear.com"
"Marí­a","R.","maria-jose.ocana@fleishman.com"
"Marí­a","Cevasco","mariacristina.cevasco@xerox.com"
"Marí­a","Zamora","secdir@amchamcolombia.com.co"
"Marí­a","Rangel","mpozo@shf.gob.mx"
"Marí­a","Pilar","farmadecolomia@farmadecolombia.com.co"
"Marí­a","Forero","mforero@celpa.com.co"
"Marí­a","Tobar","mtobar@celistics.com"
"Marí­a","Coello","mrojas@funed.org"
"Marí­a","Miranda","victoria.miranda@yara.com"
"Marí­a","Borrero","mwittich@fundacion-social.com.co"
"Marí­a","Gómez","mariamercedes.gomez@bancamia.com.co"
"Marí­a","Andrade","comunica@iess.gob.ec"
"Marí­a","Narváez","maria.narvaez@senseta.com"
"Marí­a","Alvarado","maria.alvarado@aes.com"
"Marí­a","Simmonds","gerencia@propais.org"
"Marí­a","Luisa","mlmartinezs@iusacell.com.mx"
"Marí­a","Ramí­rez","ilcgerencia@ilc.com.co"
"Marí­a","Coronado","schavarro@gasnatural.com"
"Marí­a","Múnera","maria.munera@bakerhughes.com"
"Marí­a","Tapia","maria.tapia@nrfm.com.mx"
"Marí­a","Hidalgo","mdhidalgo@mtop.gob.ec"
"Marí­a","Ramí­rez","mariaramirez@nexopr.com"
"Marí­a","De Sánchez","mesanchez@pancanal.com"
"Marí­a","Lucana","mlucana@mincetur.gob.pe"
"Marí­a","Solano","msolano@thealtahotel.com"
"Marí­a","Flores","mflores@comunicacioncorporativa.net"
"Marí­a","Ávila","mavila@publimark.co.cr"
"Marí­a","Hernández Trinidad","mtrinidad@adm.unapec.edu.do"
"Marí­a","Montes Varela","mercadeo@total.com.do"
"Marí­a","Mabo","maria.g.mabo@gsk.com"
"Marí­a","Manzo","Maria.luisa.manzo.ponce@medtronic.com"
"Marí­a","Quintero ","ml.quintero@samsung.com"
"Marí­a","Fernández ","mjfernandez@adi.org.mx"
"Marí­a","Bussi","maria.bussi@telefonica.com"
"Marí­a","Lazcano Escamilla","elazcano@cmmsc.com.mx"
"Marí­a","Cáceres Acevedo","maria.caceresAcevedo@nrfm.com.mx"
"Marí­a","Mancero","mmancero@hispanadeseguros.com"
"Marí­a","Carrión","maria.carrion@byd.com"
"Marí­a","Martí­nez","mmartinez@intimar.com.ec"
"Marí­a","Salvatierra","msalvatierra@intimar.com.ec"
"Marí­a","Alarcón","malarcon@lmzabogados.com"
"Marí­a","Fernández","mariadolores@ttk.ec"
"Marí­a","Chiriboga","maria.chiriboga@coface.com"
"Marí­a","Scarabino","mscarabino@gmm.cr"
"Marí­a","Oviedo","maria.oviedo@decameron.com"
"Marí­a","Acosta","maria.acosta@probarranquilla.org"
"Maria","Krebs","maria@eurasiastrategies.com"
"Maria","Herrera","mesteveherrera@corpbanca.com.co"
"Maria","Lopez","presidenciaasobancaria@asobancaria.com"
"Maria","Sanchez","msanchez@famisanar.com.co"
"Maria","Escobar","maescobar@solla.com"
"Maria","Trinchieri","maria.trincheri@esteri.it"
"Maria","Valarezo","maria.valarezo@mintel.gob.ec"
"Maria","Venegas","mjvenegas@corona.com.co"
"Maria","Lopez","galvisfracassi@hotmail.com"
"Maria","Santiago","maria.santiago@nissan.com.mx"
"Maria","Iriarte","gerencia@iemoperators.com"
"Maria","Labandeira","maria.labandeira@speyside.com"
"Maria","Jara","mariajara@perusir.com"
"Maria","","pisevill@cisco.com"
"Maria","","mangel@rree.gob.sv"
"Maria","","dirventas@benidorm.com.mx"
"Maria","Lee","maria.lee@kbr.com"
"Maria","Robles","delfina.robles@unaq.edu.mx"
"Maria","Gonzalez","paulina.gonzalez@eppetroecuador.ec"
"Maria","Carrion","maria.carrion@conelec.gob.ec"
"Maria","Jabbour","maria.jabbour@phoeniciabeirut.com"
"Maria","Robledo","pilar.velez@unisabana.edu.co"
"Maria","Coronel","maria.coronel@ec.nestle.com"
"Maria","Ayala","majoayala83@gmail.com"
"Maria","Gonzalez","mariag91mx@yahoo.com"
"Maria","Trujillo","mariavictoria.trujillo@motorolasolutions.com"
"Maria","Barrera","mbarrera@cfn.fin.ec"
"Maria","Mantilla","mmantill@pacifico.fin.ec"
"Maria","Luca","mfdeluca@mmrree.gob.ec"
"Maria","Castellon","maria.castellon@depa.com"
"Maria","Mosquera","maria.mosquera@conti.com.ec"
"Maria","Maalouf","mmmaalouf@bmc.com.lb"
"Maria","Rojas","maria.rojas@newlink-group.com"
"Maria","Torrelly","macosta@promperu.gob.pe"
"Maria","Morales","maria.morales@life.com.ec"
"Maria","Donado","mdonadog@electricaribe.com"
"Maria","Arango","mdiazara@banrep.com.co"
"Maria","Mieles","mariajose.mieles@rdp.ec"
"Maria","Devis","mvengoechea@camarabaq.org.co"
"Maria","Borrero","mwittch@fundacion-social.com.co"
"Maria","Morales","mmarin@talisman-energy.com"
"Maria","Borras","maria.borras@xcol.com"
"Maria","Cordoba","mgarcesc@mincultura.gov.co"
"Maria","Botero","mconstanza.garcia@anm.gov.co"
"Maria","Rubiano","mrubiano@slb.com"
"Maria","Sanchez","mariafernanda.snchez@indequipos.com"
"Maria","Orjuela","gm@bogotaplazahotel.com"
"Maria","Mulindi","maria.mulindi@undp.org"
"Maria","Fonnegra","camila.fonnegra@pestana.com"
"Maria","Loreto","mariagiulia@thebusinessyear.com"
"Maria","Restrepo","mortiz@hotelesroyal.com"
"Maria","Pineda","mcpineda@kpmg.com"
"Maria","Gaeta","maria.digaeta@esteri.it"
"Maria","Macovela","shamsa14@yahoo.com"
"Maria","Grullon","mariag@progreso.com.do"
"Maria","Pellico","maria.pellico@roche.com"
"Maria","Alvarez","mwalvarez@terramark.com"
"Maria","Gomez","gomezme@egehaina.com"
"Maria","Riano","maria.riano@equion-energia.com"
"Maria","Marquezo","mmarquezo@davivienda.com"
"Maria","Cortes","mcortes@dattis.com"
"Maria","Castilla","mfonnegra@oxohotel.com"
"Maria","Villamizar","misidro@unab.edu.co"
"Maria","Mathieu","maria@grupoindi.com"
"Maria","Campo","mfcampo@mieducacion.gov.co"
"Maria","Lloreda","mlloreda@investpacific.org"
"Maria","Martinez","mmartinez@ccn.net.do"
"Maria","Campos","fer.gonzalez@samsung.com"
"Maria","Simmonds","gerencia@propais.org.co"
"Maria","Mota","mmota@serena.co.mz"
"Maria","Gedeon","maria.gedeon@zsc.ae"
"Maria","Viera ","merytby@gmail.com"
"maria","coello","marymero@hotmail.com"
"Maria","B. Visca","reneev@mitrphol.com"
"Maria","Viera Gálvez","mariadc.viera@hotmail.com"
"maria","zainal","maria.zainal@petronas.com.my"
"Maria","Cherniakow","mcherniakowa@yahoo.com"
"Maria","Cortés","ejecutiva@abc.fi.cr"
"Maria","Saenz","mrsaenz@ccss.sa.cr"
"Maria","Saenz","mrsaenzm@ccss.sa.cr "
"Maria","Dove","moiane.dove@gmail.com"
"Maria","Veiga","mveiga@eei.org"
"Maria","Tayem","maria@saharagcc.com"
"Maria","Sarmiento","maria.sarmiento@ft.com"
"Maria","León","mcleon@horizontes.com"
"Maria","Muñoz Mendez","imunoz@colcapital.org"
"maria","Riaño","maria.riaño@equion-energia.com"
"Maria","Kalimeri","kalimeri@fujamar.com"
"Maria","Rojas","mariaroj@progreso.com.do"
"Maria","Garcia","rojasgam@tcd.ie"
"Maria","Aguirre","maguirre@kom.com.mx"
"Maria","Carrasco Mejias","ma_es35@hotmail.com"
"Maria","Iniguez","mariainiguez@wws.com.do"
"Maria","Quintero","ml.quintero@samsung.com.co"
"maria","hall","maria@habtoor.com"
"Maria","Ruiz Orozco ","mruiz@fna.gvo.co"
"maria","escudero","maria.escudero@r-hr.com "
"Maria","Cherniakova","maria_c@thebusinessyear.com"
"Maria","Cherniakova","maria.c8897@gmail.com"
"Maria","San Silvestre Chacon","mariasansil@hotmail.com"
"Maria","Amaya Hoyos","marama@eltiempo.com"
"Maria","Quiros Castro","mquiros@utn.ar.cr"
"Maria","Escalante","elena.escalante@volaris.com"
"Maria","Lopez","malopez@labzepol.com"
"Maria","ortegon","maria.ortegon@chairamaspa.com"
"Maria","Alarcon","maria.ja@thebusinessyear.com"
"Maria","Martinez Becerra","mariajose.martinez@bm.com"
"Maria","Valdez Padilla","Elena.valdes@edf-en.mx"
"Maria","Viera Galvez","Maria.viera@wework.com"
"Maria","Gomez Robayo","maria.gomez@nacionaldeseguros.com.co"
"Maria","Pizarro","info@urbaniarealty.com"
"Maria","Prado Castañeda","cristina.prado@banobras.gob.mx"
"Maria","Ferraz Alves","cristina.ferraz@itamaraty.gov.br"
"Maria","Ferraz Alves","cristinaferrazalves@yahoo.com"
"Maria","Perez","maria.cavallazzi@spglobal.com"
"Maria","Araujo","maraujo@heh.com"
"Maria","Ferreira","marisa.ferreira@f5c.pt"
"Maria","Villalba","angeles.villalba@vopak.com"
"Maria","Crespo","mcrespo@coyolzf.com"
"Maria","Isabel","milcinmobiliaria@gmail.com"
"Maria","Angelica CAstilla","maria.castilla@furagems.com"
"Maria","Grimaldo A.","megrimaldo@panacamara.org"
"Maria","Palacio","maria.palacio@colcanna.co"
"Maria","Cortes","carolina.cortes@avianca.com"
"Maria","Uribe","maria.uribe@itau.co"
"Maria","Urdaneta","murdaneta@venturagroup.com"
"Maria","Ramos Bosch","maria.e.ramos@basf.com"
"Maria","Barragán","ventas.cartagena@zionehotels.com"
"Maria","Caldwell","carocami1217@hotmail.com"
"Maria","Nacino","qdoffice@dadabai.com"
"Maria","B.","z.mjsantos@gmail.com"
"Maria","Bobadilla","maria.bobadilla@coface.com"
"Maria","Hjorngaard","presidenta@fehm.es"
"Maria","Ribeiro","mribeiro@portoluanda.co.ao"
"Maria","Fernandez","mareyesfernandez@gmail.com"
"Maria","Ribeiro","maria.i.ribeiro@rfb.gov.br"
"Maria","Becares","maria.becares@talentukanji.com"
"Mari","Jthabet","mhajj@tabreed.ae"
"Mari","","maricou.tacneng@gal.ae"
"Mari","Mutafyan","mari@ifc-i.com"
"Mari","Maruyama","mari.maruyama@suiphar.com"
"Margulan","Abzalov","margulan.abzalov@halliburton.com"
"Margot ","Lopez","mlopez@biomuseopanama.org"
"Margot","Morrison","morrismt@state.gov"
"Margo","Hokayem","hokayemm@gmail.com"
"Margie ","Ong","margie.ong@thoughtsingear.com"
"Margie","Mizrachi","margiemizrachi@crimsonlogic-la.com"
"Margaux","Montpeyroux","margaux@highlineasia.com"
"Margarita","Castillo","margarita.castillo@mx.pwc.com"
"Margarita","Robles","mroblesm@cohesion.mx"
"Margarita","Benavides","sanchopasan2003@gmail.com"
"Margarita","Benavides","sanchopansa2003@gmail.com"
"Margarita","Espinosa","margarita_espinosa@petroamazonas.ec"
"Margarita","De Mondésert","mdmondesert@induban.com"
"Margarita","Acosta","macosta@segurospepin.com"
"Margarita","Auzane","fincons7@yahoo.com"
"Margarita","Giraldo Gallon","mgiraldo@isagen.com.co"
"Margarita","Salazar","admin@powergen"
"MARGARITA","DE FRANCO","mdefranco@aseguradora.com"
"Margarita","de la Torre","directorproyectos@solmarineoffshore.com"
"Margarida","Paulo","margarida.paulo@spi.co.mz"
"Margarethe","Meleszczuk","M.Meleszczuk@Hult.edu"
"Margareth","Mfugale","gm@peacock-hotel.co.tz"
"margaret ","chimanse","mchimanse@zda.org.zm"
"Margaret","Oladimeji","margaret.oladimeji@eelevents.co.uk"
"Margaret","Lee","margaret@aloriehospitality.com"
"Margaret","Legga","margaret.legga@scaniatz.com"
"Margaret","Jones","margaret.wynne-jones@jll.com"
"Margaret","","margaret.crawford@kbr.com"
"Margaret","Olele","margaret.olele@pfizer.com"
"Margaret","Nongo-Okojokwu","m.okojokwu@orientenergyreview.com"
"Margaret","Heath","margaret.heath@asiantiger-malaysia.com"
"Marena","Rodriguez","mrubio@homex.com.mx"
"Marek","Malarski","marek.malarski@msz.gov.pl"
"marei","al- qahtani","president@jazanu.edu.sa"
"Mareen","Razeen","mareen@expo-centre.ae"
"Marcus ","Maradona ","rmuller@penresa.com"
"Marcus ","Teoh","marcus@marcs-consulting.com"
"Marcus","Horberg","marcus.horberg@volvo.com"
"Marcus","Loevenforst","marcus.loevenforst@editionhotels.com"
"Marcus","Araujo","marcus.araujo@zap.co.ao"
"Marcus","Dantus","marcus@startupmexico.com"
"Marcus","Goma","marcus@clayton.co.za"
"Marcus","Araújo","marcos.araujo@zap.co.mz"
"Marcus","De Monzarz","marcus.de_monzarz@sandvik.com"
"Marcus","Dodd","howard20m16@excite.com"
"Marcus","Bailey","marcus.bailey@difc.ae"
"Marcus","Berg","marcus.berg@dubaisouth.ae"
"Marcus","Fletcher","eyqfsirqwmpovhixjf@rffff.net"
"Marcos Monroy","Dr","marcos.monroy@cescaambiental.com"
"MARCOS AURELIANO","BEZERRA MATOS","marcosbezerra86@yahoo.com.br"
"Marcos ","Gouvea de Souza","mgsouza@gsmd.com.br"
"Marcos","Dí­az","mespinosad@gasnatural.com"
"Marcos","","mmartinez@santander.com.mx"
"Marcos","Villamar","mvillamar@turismo.gob.ec"
"Marcos","Beluco","marcos.beluco@vale.com"
"Marcos","Alcocer","marcos.alcocer@auge.com.mx"
"Marcos","Cochon","marcos.cochon@cepp.com.do"
"Marcos","Bravo","marcos.bravo@poch.com.co"
"Marcos","Cadet Pimentel","marcoscadet@presidencia.gob.do"
"Marcos","Valiente","mvaliente@vf.com.do"
"Marcos","Bisonó Haza","mbisono@oficinabisono.com"
"Marcos","Carmena León","marcos.carmena@gmail.com"
"Marcos","Carmena León","marcos.carmena@logytechmobile.com"
"Marcos","Matias","marcos.matias@schneider-electric.com"
"Marcos","Matias","marcos.matias@schneiderelectric.com.co"
"Marcos","Sebares","marcoseb-jb@hotmail.com"
"Marcos","Flores","marcos.flores@deletetechnology.com"
"Marcon","Tingling","metingling@gmail.com"
"Marco Antonio","Santiago Toledo","mtoledo@petrobras.com.br"
"Marco A. ","Feria","gerencia.ventas@thelatit.com"
"Marco","Pastrana","mpastrana@vascolombia.com.co"
"Marco","Slim","maslim@inbursa.com"
"Marco","Antonio","presidencia.unam@gmail.com"
"Marco","","marco.torresd@gmail.com"
"Marco","Votta","marcov@turktraktor.com.tr"
"Marco","Votta","mvotta@turktraktor.com.tr"
"Marco","Herrera","m.herrera@funglode.org"
"Marco","","mguerrero@starcom.com.mx"
"Marco","Ortiz","marco.quero@mx.bosch.com"
"Marco","Cifran","marco.liz@ascendum.mx"
"Marco","CalvopiíƒÂ±a","mcalvopina@eppetroecuador.ec"
"Marco","Ghirardello","marco.ghirardello@fanuc.eu"
"Marco","Palazzolo","marco.palazzolo@cmskz.com"
"Marco","Medina","mvargasm@sedapal.com.pe"
"Marco","Peschiera","marco.peschiera@carlyle.com"
"Marco","Alonso","marcoantonio36mx@yahoo.com"
"Marco","Vasquez","marcovinicio.vasquez@dhl.com"
"Marco","Smit","marco@nfia.com"
"Marco","Mares","marcomares@eleconomista.com.mx"
"Marco","Suárez","corporativo@gssis.com"
"Marco","Calvopiña","marco.calvopina@eppetroecuador.ec"
"Marco","Manrique","gerencia_general@ceticosmatarani.com"
"Marco","Mendel","marco.nicoli@manpowergroup.pe"
"Marco","Rosa","marco.delarosa@aes.com"
"Marco","Balas","marco.balas@reallife.pt"
"marco","Cattaneo","marco@wineandabout.com"
"Marco","Fernandes","marcofernandes@hospitecmz.com"
"Marco","Graca","mgraca@salcaldeira.com"
"Marco","Carrera Santa Cruz","mcarrers@bancomext.gob.mx "
"Marco","Durante Calvo","mdurante@bdsasesores.com"
"Marco","Garro","mgarro@zetaonline.com"
"Marco","Casarí­n Junco","marcocas@microsoft.com"
"Marco","Focardi","m.focardi@financo.it"
"Marco","Chavarrí­a","mchavarria@gruposervica.com"
"Marco","Frigeiro","marco.frigeiro@viavisolutions.com"
"Marco","Astúa","marco.astua@singularities.com"
"Marco","Balarezco","mbalarezco@embaperupanama.com"
"Marco","Malpiedi","marco.malpiedi@atkinsglobal.com"
"Marco","Ojeda Elias","mojeda@agroindustriasdelnorte.com"
"Marco","Vinaccia","marco.vinaccia@gmail.com"
"Marco","Alvarado","malvarado@larepublica.net"
"Marco","Salinas","marco.salinas@rascacielos.com.co"
"Marco","Pastrana","marco.pastrana@motorysa.com"
"Marco","Gutierrez","mgutierrez@mexssub.com"
"Marco","Ayarza Squires","maayarza@excelautomotriz.com"
"Marco","Castro","mcastro@opbarquitectos.com"
"Marco","Capogreco","r.lee90@hotmail.it"
"Marco","Winter","marco@mdbc.com.my"
"Marco","Garrido","mgarrido@energold.com"
"Marco","Mulatz-Tallarita","marco.mulatz@yahoo.de"
"Marco","Correia","mcorreia@valoriza.co.mz"
"Marco","Jimenez","krei@kreimethod.com"
"Marcio","Melo","marcio.fialho@hotmail.com"
"Marcie","","marcie.huckabee@kbr.com"
"Marcial","Pozo","marcial.pozo@cobiscorp.com"
"Marcher","","marcher@tcaabudhabi.ae"
"Marcelo ","Mendoza Acourt","marcelo.mendoza@tismartperu.com"
"Marcelo","Suárez","marcelo.suarez@pa.scotiabank.com"
"Marcelo","","marcelo.valentin@syngenta.com"
"Marcelo","Diez","marcelo.hernandez@aig.om"
"Marcelo","Fraga","msantos@cmm.gob.mx"
"Marcelo","LeíƒÂ³n","direjecutivo@cinae.org.ec"
"Marcelo","Espinosa","mtorres@segurosequinoccial.com"
"Marcelo","Arteaga","mjarteaga@grupolaar.com"
"Marcelo","Almaguer","marcelo@pueblacapital.gob.mx"
"Marcelo","Chico","marcelo.chico@conti.com.ec"
"Marcelo","Puello","marcelo.puello@mic.gob.do"
"Marcelo","Lopez","mlopez@queretaro.gob.mx"
"Marcelo","Aicardi","aicardim@egehaina.com"
"Marcelo","Loor","marcelo_loor@enamiep.gob.ec"
"Marcelo","Sukni","marcelo.sukni@sas.com"
"Marcelo","Franco","mcsfranco@odebrecht.com"
"Marcelo","Funes","mfg@avntk.com"
"Marcelo","Álvarez","mflores@celsia.com"
"Marcelo","Jenkins Coronas","marcelo.jenkins@micit.go.cr"
"Marcelo","Garza","m.gza627@gmail.com"
"Marcelo","Prieto Jiménez","mprieto@utn.ac.cr"
"Marcelo","Cataldo","marcelo.cataldo@milicom.com"
"Marcelo","Leon","marcelo.leon@disan.com.co"
"marcelo","cataldo","marcelo.cataldo@milicom.co"
"Marcelo","Mouzo","marcelo.mouzo@telefonica.com"
"Marcelo","Marí­n","marinsevilla@procompetencia.ec"
"Marcelo","Martorano Camargo","marcelo.camargo@anixter.com"
"Marcelo","Alemán","negroaleman@me.com"
"Marcello","Pirovano","marcello.lapis@gmail.com"
"Marcelle","Henoud","abl.secgen@abl.org.lb"
"Marcelle","Kahawaty","marcelle.kahawaty@chevron.com"
"Marcelino","Ghorayeb","marcelino.ghorayeb@catdoha.com"
"Marcelina","Canote","marcelina.canote@gmail.com"
"Marcela ","Gutierrez Diaz","mgutierrez@gutierrezdiaz.com"
"Marcela","C.","info@nodigmexico.com"
"Marcela","Monroy","dmonroy@proexport.com.co"
"Marcela","","Marcela.Ortiz@kcc.com"
"Marcela","Téllez","marcela.tellez@castel.com.mx"
"Marcela","","sgerencia@tecnas.com.co"
"Marcela","Alvarado","marcela.venegas.alvarado@banamex.com"
"Marcela","Vaca Torres","mvaca@geo-park.com"
"Marcela","Soukupova","marcelasoukupova@dmgeventsme.com"
"Marcela","Vargas Casfont","marcva@microsoft.com"
"Marcela","Forero","dircomercial@iemoperators.com"
"Marcela","Parra","marcela.parra@voom.flights"
"Marcel","","mdoffice@alforsan.com"
"Marcel","Kouassigan","marcel@timeoutaccra.com"
"Marcel","Trost","marcel.trost@germela.com"
"Marcel","Van De Kreke","marcel@albwardymarine.com"
"Marcel","Grundmann","marcel@opentoinvest.com"
"Marcashe D.","Carnegie","marcahe@ogghana.com"
"Marcap","","accounts@marcap.ae"
"Marcap","","accounts2@marcap.ae"
"Marcap","","arc@marcap.ae"
"Marcap","","contracts@marcap.ae"
"Marcap","","crewing@marcap.ae"
"Marcap","","finance@marcap.ae"
"Marcap","","hse@marcap.ae"
"Marcap","","mbase@marcap.ae"
"Marcap","","mssalim@marcap.ae"
"Marcap","","operations@marcap.ae"
"Marcap","","pro@marcap.ae"
"Marc ","Holtzman","marc@kkb.kz"
"Marc","Rosell","mrosell@chadbourne.com"
"Marc","Aubry","marc-ahmed@westernunion.com"
"Marc","Perret","marc.eichmann@une.com.co"
"Marc","Bogaerts","marc.bogaerts@abh-ace.be"
"Marc","Corbion","mcorbion@hyperstar.ir"
"Marc","Chamberlain","marc@gulfmining.com"
"Marc","Bonnassieux","marc.bonnassieux@qfb.com.qa"
"Marc","Ehler","marc.ehler@absheronhotelgroup.com"
"Marc","Banoub","marc.banoub@futurenrgcorp.com"
"Marc","Busain","marc.busain@cuamoc.com"
"Marc","Chassinat","mchassinat@todalaprensa.com.mx"
"Marc","Abi Chahine","marc@unireachltd.com"
"Marc","Dardenne","marc.dardenne@jumeirah.com"
"Marc","Lewis","ecowells.marketing@gmail.com"
"Marc","Kieler","mkieler@globecxploredrilling.com"
"Marc","Breidy","marc.breidy@citi.com"
"Marc","Delva","ma7del@yahoo.com"
"Marat","Mukhamedsaliyev","m.mukhamedsaliyev@samruk-energy.kz"
"Marat","Raimkhanov","Raimkhanov_MS@akorda.kz"
"Marat","Mukhamedsaliyev","marateusem@gmail.com"
"Marat","Kangarli","mkengerli@hotmail.com"
"Marat","Birimzhan","m.birimzhan@invest.gov.kz"
"Maram","Al-Dafa","maldafa@diwan.gov.qa"
"Maral","Avsar","mcelepyan@pekin-pekin.com"
"Mara","Kronenfeld","m.kronenfeld@iyfnet.org"
"Mara","Rivera","mrivera@pizzolante.com"
"Mara","Hilterbrandt","marahilterbrandt@yahoo.com"
"Mar","González","margonzalez@coca-cola.com"
"MAR","PINO ","mar@rayoamarillo.com.pa"
"Mar","Mateu","lamascararoja_4@hotmail.com"
"Mar","Suau","marsuau@sonbrull.com"
"Maquiandes","Colombia","maquiandes@gmail.com"
"Maqbool","Saleh			","maqbool@ohigroup.com"
"Maqbool","Al Wahaibi","malwahaiby@omandatapark.com"
"Manzur","","manzur@adpfgm.ae"
"Manzi.rwegasira","","manzi.rwegasira@zoop.co.tz"
"Manzar","Gassanova","gassanova.manzar@huawei.com"
"Manvi","Dhodhi","manvi.d@sharjahcricket.ae"
"Manuri","Nakkawita - Anthonis","manthonis@bloom.co.ae"
"Manuela","Traldi","manuela.traldi@traldi.it"
"Manuela","","manuela.cumba@gmail.com"
"Manuela","Garcí­a","mgarciap@comercio.mineco.es"
"Manuela","Angel","manmunoz@copaair.com"
"Manuela","Goldman","mgoldman@mz.qatarairways.com"
"Manuel@grupoindi.com","","manuel@grupoindi.com"
"Manuel Francisco","Lemos","mlemos@esri.co"
"Manuel Alberto ","Sanchez Chaves","asanchez@proasepsis.com.co"
"Manuel ","Garcial Villegas","manuel.garcia@tqds.mx"
"Manuel ","Benet ","manuelbenet@me.com"
"Manuel","Dickinson","mglascurain@scotiabank.com.mx"
"Manuel","Poy","poymanuel@prodigy.net.mx"
"Manuel","Jimenez","manuelj34@claro.net.do"
"Manuel","Relvas","manuel.relvas@mz.ey.com"
"Manuel","Ades","msaba@casasaba.com"
"Manuel","Camero","mruiz@gruposim.com.mx"
"Manuel","Castro","subdireccion@proecuador.gob.ec"
"Manuel","","marmendarizm@scotiabank.com.mx"
"Manuel","Murtinho","gerencia@aea.com.ec"
"Manuel","Barba","manuel.becerra@beccar.com.mx"
"Manuel","Arregui","mrodriguez@gbm.com.mx"
"Manuel","Vidal","mpulgarvidal@minam.gob.pe"
"Manuel","Obregón","mobregon@chubb.com"
"Manuel","Jimenez","manueljimenez08@gmail.com"
"Manuel","Quesada","manuel@quesadacigars.com"
"Manuel","Raba","mrivera@expancion.com.mx"
"Manuel","Herrera","manuel.herrera.garcia@acciona.com"
"Manuel","Chicane","chicanemanuel@gmail.com"
"Manuel","Fontana","mfontana@fopeca.com"
"Manuel","Escobedo","mescobedo@patriare.com.mx"
"Manuel","Oordt","manuel.vanoordt@lan.com"
"Manuel","Binoist","manuel.binoist@airliquide.com"
"Manuel","Giraldo","manuel.giraldo@oilbservices.com"
"Manuel","Aldana","manuel.aldana@bluedoors.co"
"Manuel","Castro","tomatenacional@gmail.com"
"Manuel","Luna","manuel.luna@vicini.com"
"Manuel","Dimande","manuel.dimande@radissonblu.com"
"Manuel","Bonilla","mebonilla@barrick.com"
"Manuel","Lacerda","mlacerda@mota-engil.pe"
"Manuel","Gamarra","manuel.ayllon@scotiabank.com.pe"
"Manuel","Ardila","manuel.dominguez@inalde.edu.co"
"Manuel","Cabral","manuel.cabral@pmi.com"
"Manuel","Vieira","mvieira@meridian32.com"
"Manuel","Slagter","mslagter@uninorte.edu.co"
"Manuel","Portilla","m.portilla@nh-hotels.com"
"Manuel","Rubio","manuelrubiogallego@hotmail.com"
"Manuel","Cecd","rubio@telmexmail.com"
"Manuel","Luna","manuel.luna@grupovicini.com"
"Manuel","Faria","manuel.faria@mogas.co.mz"
"Manuel","A","manuel.2.gonzalez@nokia.com"
"Manuel","Alvarez","manuel.perez@maxcom.com"
"Manuel","Bonilla","granmio@gmail.com"
"Manuel","Fermin","mfermin@confervio.com.co"
"Manuel","Vieira","mvieira@meridian32.com"
"Manuel","da Rocha","manuel.rocha@efacec.com"
"Manuel"," Pulgar Vidal","mpulgarvidal@minam.gob.pe"
"Manuel","Lombera Martí­nez","lomberamanuel@gmail.com"
"Manuel","Olivares Blázquez","maolivares@fcc-ca.com"
"Manuel","Gutiérrez de la Serna","manuel.gutierrez@carrierenterprise.com "
"Manuel","Pardo D'Ornellas","manuel.pardo@somerex.net"
"Manuel","Arévalo","manuel.arevalo@coface.com"
"Manuel","Herrera Luna","manuel.herrera@zofracar.com"
"Manuel","González Sanz","mgonzalez@rree.go.cr"
"Manuel","Garcia Garza","manuel_garcia@brightfinishing.com"
"Manuel","Terán","mteran@lalaguna.cr"
"Manuel","Salazar","manuel.salazar@bcbscostarica.com"
"Manuel","Pozo Perelló","mpozo@induban.com"
"Manuel","Sajour","msajour@puntacana.com"
"Manuel","Corripio","mcorripio@corripio.com.do"
"Manuel","Jimenez","manuel.jimenez@mic.gob.do"
"Manuel","Sordo","mso@universal-robots.com"
"Manuel","Gonzalez","manuel@gonzalez.net"
"Manuel","Muñoz","sistemas@xylanperu.com"
"Manuel","Mallen","mgmallen@hvahrd.com"
"Manuel","Calderon Quiel","manuel.calderon@tetrapak.com"
"Manuel","Naut","mnaut@interpluspanama.com"
"Manuel","Arias ","mav@arvaldevelopers.com"
"Manuel","Costeira da Rocha","costeiradarocha@gmail.com"
"Manuel","Calderon","calderonm@rocketmail.com"
"Manuel","Castrillo","proyectocaminoverde@gmail.com"
"Manuel","Grinspan","mgrinspan@etipres.com"
"Manuel","Araya Garro","manuel@totalproductscr.com"
"Manuel","Zuñiga","mzuniga@cuestamoras.com"
"Manuel","Villa","real97@suitesreal.com"
"Manuel","Caldeira Cabral","maunel.cabral@mecon.gov.pt"
"Manuel","Calderón","manuel.calderon@synerjet.com"
"Manuel","Ramalho","mramalho.icpt@gmail.com"
"Manuel","Gonçalves","macg@mg.pt"
"Manuel","Pinheiro","tinamar@tinamar.pt"
"Manuel","Azevedo","manuel.azevedo@manuelazevedo.pt"
"Manuel","Maria Correia","manuelcorreia@dxc.com"
"Manuel","de Almeida Damásio","administração@lusofona.pt"
"Manuel","Forcada Warren","manfor@hotmail.com"
"Manuel","Villena","mvillena@riafinancial.com"
"Manuel","Buitrago","manuelbuitrago@grantierra.com"
"Manuel","Gutiérrez de la Serna","manuel.gutierrez@carrierenterprise.com"
"Manuel","Ramí­rez","mramirez@jgarcialopez.com.mx"
"Manuel","Magaña","direccion@enmanuel.com.mx"
"Manuel","Abarca","manuel.abarca@anixter.com"
"Manuel","Barbera","manuel.barbera@austrade.gov.au"
"MANUEL","VILLAREAL","mgarcia@cableonda.com"
"Manuel","Jimenez","djimenez@fertica.com.pa"
"Manuel","Gomes","adelio@esenartltd.com"
"Manuel","Ponce","manuel.ponce@fcc.es"
"Manuel","Arevalo","manuelarevalo@segurexpo.com"
"Manuel","Matéus","manuel.mateus@royalseguros.net"
"Manuel","João","manueljoaofonseca@upra.co.ao"
"Manu","Parmar","m.parmar@theedge-me.com"
"Manu","Madan","manu.madan@cityseasonsmuscat.com"
"Manu","","manu.kohli@se1.bp.com"
"Manu","Leopairote","manu@asiandefense.com"
"Manu","Leelanuwatana","manu@icc.co.th"
"Manu","Mehra","manu@ido.ae"
"Mantchiyani","Machel","mmachel@barloworld-moz.com"
"Mantana","","mantana_s@modernform.co.th"
"Mansur","Topçuoğlu","mansurtopcuoglu@halic.edu.tr"
"Manssour","Jarmakani","manssour@jagal.com"
"Mansour Munir","Al Shawaf","malshawa@bacsrmp.com"
"Mansour","Al-naimi","manalnaimi@qatargas.com.qa"
"Mansour","Al-ajmi","ajmim@rdcci.org.sa"
"Mansour","Maleki","mansoor.maleki.eng@gmail.com"
"Mansour","Moazami","moazami1335@yahoo.com"
"Mansour","Al Qahtani","mansour@alriyadhtravel.com"
"mansour","bin madi","mansour@holidayme.com"
"mansour","fekry","mansour@interactive.sa"
"Mansour","Al Dalaan","mdalaan@ccc.sa.com"
"Mansoor","Malik			","mansoor.malik@amjoman.com"
"Mansoor","Al-hinai","mansoor.alhinai@medcoman.com"
"Mansoor","Qubaisi","m.alqubaisi@abudhabiaviation.com"
"Mansoor","Ajmi","ajmim@rdcci.gov.sa"
"Mansoor","Janahi","MJanahi@tssaero.ae"
"Manpreet ","Kaur","manpreet@aif.org.my"
"Manpreet","Vohra","ambassador@indembassy.org.pe"
"Manpreet","Chana","mchana@wiagroup.co.tz"
"Manou","Suchdev","manou@cranesrusng.com"
"Manou","Suchdev","manou@cranes-r-us.com"
"Manoochehr","Shapouri","mshapouri@parspetro.com"
"Manon ","Sasso","manons@irn-international.com"
"Manon","Hebberecht","manon_9h@hotmail.com"
"Manolo","Guerra Raven","mguerraraven@laboratoriosraven.com"
"Manolo","Caballero","manolo.caballero@iosoffices.com"
"Manolis","Chrisoulakis","manolis.chrisoulakis@thrifty.com"
"Manolis","Chrisoulakis","manolis.chrisoulakis@thirfty.om"
"Manolis","chrisoulakis","manolis.chrisoulakis@alfuttaim.com"
"manoj ","anchan","manoj.anchan@bankfab.com"
"Manoj","Gupta","manoj.gupta@jindalafrica.com"
"Manoj","","manoj.rappalvarrier@se1.bp.com"
"Manoj","Poduval","manoj.poduval@metlife.ae"
"Manoj","Kumaran","MS@tamleek.ae"
"manoharan","Mano","manomuscat@gmail.com"
"Manohar","Raghavan","manohar@mmm.com"
"Manoch","Wongcharoensin","contact@cpl.co.th"
"Manny","Hussain","mannyhussain@hotmail.com"
"Mannu","","mannu.gupta@americanexpress.com.bh"
"ManMohan","Reddy","pmmr@lntecc.com"
"Manmeet","Singh Nanda","fabrication@californiascaffolding.net"
"Manjur ","Alam","manzoorrajmanzoorraj75575@gmail.com"
"Manjit","Kaur","manjit@mida.gov.my"
"Manjillath","","manjillath@etisalat.ae"
"manittha.t@stpi.co.th","","manittha.t@stpi.co.th"
"Manish","Palande","manish.palande@alanwarholdings.com"
"Manish","Gosalia","manish.gosalia@gmail.com"
"Manish","Pandey","manish@peera.com"
"Manikantan","A.p.","mani@faltravelmart.com"
"manida.k","","manida.k@bhirajburi.co.th"
"Mani","","mani@arabtec.com"
"Mani","Hashemian","mani@rahafilm.com"
"manfred","calderon","manfredcalderon@gmail.com"
"Manfred","Wetzel","manfred.wetzel@zublin-international.com"
"Maneesh","Nair","maneesh.nair@gecexpo.com"
"maneerat@fiicc.co.th","","maneerat@fiicc.co.th"
"Mandy ","Thang","creativescience2u@gmail.com"
"Mandy","Fletling","info@livingblue-mallorca.com"
"Mandeep Singh ","Sandhu","mandeep@cagamas.com.my"
"mandarin@mandarin-bkk.com","","mandarin@mandarin-bkk.com"
"Mancho ","Nelson ngang ","ngangnelson5@gmail.com"
"Manayer","M. AlSharekh","Manayer@ttpanther.com"
"manatsavee.s@bemplc.co.th","","manatsavee.s@bemplc.co.th"
"Manatsavee","","manatsavee.s@bemplc.co.th"
"Manathorn","","manathorn@charnissara.co.th"
"Manasanan","","manasanan@noblehome.com"
"Manar","Hinai","m.alhinai@investad.com"
"Manar","","hanadi.jitan@mubadala-ge.com"
"Manar","","manar.sallam@total.com"
"Manar","Zarroug","manar@omniaventures.com"
"Manar","Fadhil","manar.fadhil@ooredoo.om"
"Manalo","","manalo_jr@adsb.ae"
"Manal","","secrectary@albadie.com"
"Manal","","manal.harb@goldae.ae"
"Manal","Ataya","mataya@sharjahmuseums.ae"
"manal","adra","marketing@thepalms-kuwait.com"
"Manal","Al Shehhi","manal.ma@ega.rak.ae"
"Manal","Fawaz","manal.f@slf-qa.com"
"Manal","Amro","manal.amro@edic.ae"
"Manal","Dorra","mdorra@hdh.com.sa"
"Manaf","Abdulaziz Alhajeri","malhajeri@markaz.com"
"Mana","M. Alkhamsan","malkhamsan@fa.org.sa"
"Mamoun","Darkazally","m.darkazally@albarakasyria.com"
"Mamoun","Hariri","sar_c_ist@yahoo.com"
"Mamoun","Darkazally","mamoundarkazally@hotmail.com"
"Mamoud","Al Musili","mohmoud.almusili@omanair.com"
"Mamoon","Othman","mamoon.othman@asmak.ae"
"Mamoon","Othman","mamoon.othman@asmak.ae"
"Mamoon","Othman","mamoon.othman@ihcuae.com"
"Mammad","Karimov","mammad@khazarventures.com"
"Mamlouk","Martine","martinemamlouk@outlook.com"
"mamemo","ibru","mamemo@ibafon.com"
"Mamdouh","Mokhtar","mamdouh.mokhtar@skyprimeav.com"
"Mamdou","Dioulde Diallo","mamadou.diallo@nadhel-re.com"
"mamdooh","mokhtar","mmokhtar@skyprimeav.com"
"mambo","phiri","phiri123@yahoo.com"
"Malsaadi","","malsaadi@gcaa.ae"
"Mallika","Almadi","mallikalmadi1402@gmail.com"
"Malini","Saldanha","malini@sharakaholdings.com"
"malinee@bui.co.th","","malinee@bui.co.th"
"Malika","Bekbaganbetova","bekbaganbetova1991@gmail.com"
"Malika","Kerrou","mkerrou@saudia.com"
"Malika","Sajwani","msajwani@afic.om"
"Malik","Islamov","mislamov@vmware.com"
"Malik","Munisi","mmunisi@tpdc-tz.com"
"Malik","","smalik@etihad.ae"
"Malik","","malik@eaa.gov.ae"
"MALIK","KANAAN","malek@sahara.com"
"malik","hussain","malick.sohail@yahoo.com"
"Malicia","Lal","malicia@oite.com"
"Malgorzata","Truszczynska","gosia@thebusinessyear.com"
"Malek","Malek","malek.almalek@tecom.ae"
"Malek","Fakhro","malekfakhro@rivierahotel.com.lb"
"Malek","Tambourgi","malek@sky-management.net"
"Malek","Zaki","malek.zaki@lgbbank.com"
"Malek","jaafresh","malek.jaafresh@ccc.sa.com"
"malee@ditp.go.th","","malee@ditp.go.th"
"Malcolm","Morris","malcolm.wallmoris@dmoc.ae"
"Malcolm","Ward","malcolm.ward@noorbank.com"
"Malcolm","Morris","malcolm.wallmorris@dmcc.ae"
"Malcolm","Ward","mward@apcoworldwide.com"
"Malcolm","X Crasta","malcom@media21world.com"
"Malcolm","Jordan","m.jordan@baladna.com"
"Malanco,","(nrfm)","jorgeluis.malanco@nrfm.com.mx"
"malake ","el turk ","malake30@hotmail.com"
"Malak ","Khoukhaji","malak.khoukhaji@mmgksa.com"
"Malak","Al Shaibani","malak.alshaibani@nbc.om"
"Malak","Mikhail","malak.mikhail@levatiohotels.com"
"Malaak","Al-ajami","malahami@adma.ae"
"Mala ","Patel","mala.patel@benchevents.com"
"Mal","Huraimei","malhuraimel@mubadala.ae"
"Mal","Clay","malc@zoneaps.com.au"
"Maksut","Zhapabaev","maksut.zhapabaev@kazminerals.com"
"Maksud","Mirzoyev","mmi@mcdonalds.az"
"Maksim","Tsurkov","maksim.tsurkov@gmail.com"
"Makram","Sader","msader@abl.org.lb"
"Makram","Khater","makram.khater@babtain.com.kw"
"Makhmud","Shadiev","mfs@becker.kz"
"Makarem","Batterjee","president@newcityco.com"
"Makame","Mbarawa","makame.mbarawa@mst.go.tz"
"Mak","Chehayeb","sales@citysuitehotel.com"
"Mak","Diab","makdiab@gmail.com"
"Major.","Hajri","saif.alhajri@qa.g4s.com"
"Major","Al Marri","a.marri@dubaipolice.gov.ae"
"Majidd","Montazersaheb","rajan_ir@yahoo.com"
"Majida","Ali Rashed","Majida@dubailand.gov.ae"
"Majid Ahmed ","Al Bahiti","mbahiti@tawuniya.com.sa"
"Majid ","Kaddoumi","majid.kaddoumi@meddtronic.com"
"Majid ","Al-Briki","malbriki@alriyadh.com"
"Majid","Emami","memami@parsonline.com"
"Majid","Al-mahmoud","malmahmoud@mbt.gov.qa"
"Majid","Kaddoumi","majid.kaddoumi@medtronic.com"
"Majid","Raheb","farajian@irangolab.ir"
"Majid","Mandhry			","majidmandhry@ontcoman.com"
"Majid","","m.ahmadi@topsolico.com"
"Majid","Harthy","gm@almahahotel.com"
"Majid","Haghroo","mrugar@nuqulgroup.com"
"MAJID","FARHAN","majid.farhan@netcracker.com"
"Majid","Haji Ahmadi","info@hajiahmadi.biz"
"Majid","Rezaei","ma.rezaei@jpcomplex.com"
"Majid","Varshosaz","majid-varshowsaz@sevenseasir.com"
"Majid","Faraji","faraji@nigc-dist7.ir"
"majid","amini","amini_m@rai.ir"
"Majid","Kazemzadeh","majid.kazemzadeh@karapost.com"
"Majid","Al Balushi","majidb@mec.edu.om"
"majid","alfayyadh","mfayyadh@kfshrc.edu.sa"
"Majid","Al Balushi","majid@mec.edu.om"
"Majid","Al Hinai","majid.alhinai@gulfenery-int.com"
"Majid","Al Hinai","majid.alhinai@gulfenergy-int.com"
"Majid","Al Amri","majid.amri@thawani.om"
"Majid","Aljohar","m.aljohar@tamkeentech.sa"
"Majid","Mohammed Hamed Hasmi","m-alhashmi@moci.gov.om"
"Majid","Borhani","majidmshh@gmail.com"
"Majeed","Rawas","dginformation@omanet.om"
"Majeda","AlHammadi","three_stars_3@yahoo.com"
"Majeda","Ammadil Ha","mealhammadi@adeconomy.ae"
"Majed M.","Abdulrahim","majed@iobf.org"
"Majed","Mahfouz","majed.mahfouz@riyadbank.com"
"Majed","Hogail","majedh@rafal.com.sa"
"Majed","Bakeri","m.albakeri@nfssp.com"
"Majed","Yasen","majed.yasen@samanasm.com"
"Majed","Akel","majed@g-takaful.net"
"Majed","Aridi","dos@goldentulipsharjah.com"
"Majed","Almarshad","majed.almarshad@me.kwm.com"
"Majed","Taifour","majed.taifour@emiratessteel.com"
"Majed","Al-naimi","al_naimi65@hotmail.com"
"Majed","Sheddi","alsheddim@scta.gov.sa"
"Majed","Al-jarallah","jarallahm@rdcci.gov.sa"
"Majed","Suwaidi","majed.alsuwaidi@tecom.ae"
"Majed","Abou Arraj","marraj83@hotmail.com"
"majed","adada","majed@alghanim.com"
"MAJED","RASHAD","majed.rashad@ic.gov.sa"
"Majed","Alazmi","dr.majed@mohe.edu.kw"
"Majed","Al-Ajeel","majed@burgan.com"
"Majed","Bin Madi","mbinmadi@esnadrealestate.com"
"Majed","Al Hokair","majed@alhokair.com"
"Majed","AlHamdan","malhamdan@smi.com.sa"
"Majed","AlRasheed","malrasheed@sadr.org"
"majdi.","khalil","majdi.khalil@palmissionuk.org"
"Majdi","","majdi@ajlanbros.com"
"Majdi","Younis","majdi.younis@medtronic.com"
"Majd","Abduwani","majd_abduwani@hotmail.com"
"Majd","Joudeh","majid@ceramica-alhael.com"
"Majaz.khan","","majaz.khan@adib.ae"
"MAJAN BUSINESS SOLUTIONS LLC","Ahmed Hamed Saif Al Busaidi","ahmed@majanholding.com"
"Maj","Pepani","pepanil@dirco.gov.za"
"maitraya","sanghvi","sanghvistar@gmail.com"
"Maitha","Al-mahrouqi","maitha.almahrouqi@omantourism.gov.om"
"Maitha","Al romaithi","raman.oberoi@falconaviation.ae"
"Maitha","","MAlEisaei@strata.ae"
"Maitha","Buhumaid","maitha.buhumaid@dcca.gov.ae"
"Maite.maria.tazon","","maite.maria.tazon@merck.com"
"Maite ","Lopez","mlopez@mitrol.net"
"Maite","Villacreses","t-mfreirev@mmrree.gob.ec"
"Maite","Pisano","maite@crespomijares.com"
"Maite","Ulloa","maite.ulloa@marriott.com"
"Maite","Ventura","maite@thebusinessyear.com"
"Maissoun","Narch","maissoun.narch@dubaicutoms.ae"
"Maissa","Ghanem","maadal@abouadal.com"
"Maisha","","mqubaisi@seha.ae"
"Maisarah"," Hussein","maisarah.hussein@ciif-global.org"
"Mais","","maisaranji@aau.ac.ae"
"Mais","Houry","mhoury@qualcogroup.com"
"Mairam ","Grigoryan","g.mairam@mail.ru"
"Maira","Revelo","mrevelo@aihe.org.ec"
"Maira","Madiyeva","mmadiyeva@caifc.kz"
"maira","madiyeva","mmadiyeva@yandex.ru"
"Maira","","sovetnik_mon@mail.ru"
"Maira","Bakbergenova","m.bakbergenova@openclinic.kz"
"Maira","Madera","mmadera@notions.com.do"
"Maira","Morla Pineda","	 mmorla@infotep.gob.do"
"Maira","Sultanova","maira.sultanova@top.com.kz"
"mainpr@colliers.com","","mainpr@colliers.com"
"Maimunah","Shebani","maimunah.shebani@zubaircorp.com"
"mailbox@thaire.co.th","","mailbox@thaire.co.th"
"mailbox@thaicentral.co.th","","mailbox@thaicentral.co.th"
"mail@picothai.com","","mail@picothai.com"
"mail@furukawa.co.th","","mail@furukawa.co.th"
"Maikanti","Baru","maikanti.baru@nnpcgroup.com"
"Maie","Ahmed","maie.ahmed@fticonsulting.com"
"Maidji","Ashour","maijdi@saharagcc.com"
"Maiashanti","Fiallo","MFiallo@banreservas.com"
"Mai","Youssef","mai.youssef@canon-me.com"
"Mai","Masry","melmasry@eq.gov.qa"
"Mai","-","mai@visitjordan.com"
"Mai","Mortaja","mmortaja@mohg.com"
"Mahsa","Pahlevani","msph90@gmail.com"
"Mahran","Hussain A. Khunji","mahran.khunji@dermond-oilandgas.com"
"Mahra","Rashed","mahra.alsuwaidi@horizonenergy.ae"
"Mahra","Falasi","malfalasi@manazel-re.ae"
"Mahra","Al Balushi","PA.CEO@bankdhofar.com"
"MAHOMED","AKOOB","mahomed.akoob@hannover-re.com"
"Mahnaz","Hosseini","sale-hosseini@atrak-p-p.com"
"Mahmut","Yazici","mahmut.yazici@radissonblu.com"
"Mahmut","Aydin","cengizaydin@varyap.com"
"Mahmut","Erdoğan","merdogan@eurasiasat.com"
"Mahmut","Mavruk","mmavruk@idynamicsllc.com"
"Mahmudul","Hassan","hasssnbb571@gmail.com"
"Mahmud ","Abbas","mahmud.abbas@pulauindah.com.my"
"Mahmud","Mammadov","mnm@azdata.net"
"Mahmud","Yusifli","mahmud.yusifli@bakermckenzie.com"
"Mahmud","Dadashev","mahmud_baku@yahoo.com"
"Mahmud","fotuhi firuzabad","fotuhi@sharif.edu"
"Mahmoudreza","rahimi","drmrrahimi@gmail.com"
"Mahmoud Ahmed","Elasheri","mahmoud.elasheri@dot.abudhabi.ae"
"Mahmoud ","Almasri","maa@kimmco.com"
"Mahmoud ","Tayeb","mahmoud.tayeb@sa.zain.com"
"Mahmoud","Joueidi","mahmoud@joueidi.com"
"Mahmoud","Emam","m.emam@nwmea.com"
"Mahmoud","Fahmy","mahmoud.fahmy@fedex.com"
"Mahmoud","Banki","m.banki@cosarpharm.com"
"Mahmoud","Chleih","mahmoud.abou@damacgroup.com"
"Mahmoud","Bassioney","mahmoud.anwar@dpg.ae"
"Mahmoud","Zein","mahoud.zein@afza.gov.ae"
"Mahmoud","Rawahi","mahmoodalrawahi@hotmail.com"
"Mahmoud","Ebaidallah","mabdallah@apex-med.com"
"Mahmoud","Ebaidallah","mabdullah@apex-med.com"
"Mahmoud","Ebaidallah","mabdullah@apex.med.com"
"Mahmoud","Hamdy","dm.shj@emiratesstars.ae"
"Mahmoud","Joueidi","info@joueidi.com"
"Mahmoud","Ali","myalali@dha.gov.ae"
"Mahmoud","Shuli","m.alshuli@recdoalmana.com"
"Mahmoud","Ghadiri","m.ghadiri@espinashotels.com"
"Mahmoud","Shahahmadi","ghazal.vatan@gmail.com"
"Mahmoud","Shabanzadeh","m.shabanzadeh2007@yahoo.com"
"Mahmoud","Mosawi","mahmoud.mosawi@samba.com"
"Mahmoud","Hassan","mahmoud_hassan@teletrade.me"
"Mahmoud","Sakr","mahmoud.sakr@jumeirah.com"
"Mahmoud","Abou","mam@daralkhaleej.ae"
"Mahmoud","Kataya","mahmoud.kataya@unigaz.net"
"Mahmoud","Sharif","sharif@sunir.com"
"Mahmoud","Afzali","mafzali@mpc.ir"
"Mahmoud","Khajehnasiri","khajehnasiri@armanib.com"
"mahmoud","El-leissy","mleissy@ejada.com"
"mahmoud","hammouri","mahammouri@hotmail.com"
"Mahmoud","Mokhtar","mahmoud.mokhtar@hilton.com"
"Mahmoud","Kabeel","mkabeel@taqnia.com"
"Mahmoud","Al-Arouqi","mahmoud@roots.com.qa"
"Mahmoud","Nasr","sales@naaasdesign.com"
"Mahmoud","El Mahalawy","mahalawy@sbsqtr.com"
"Mahmoud","El Madhoun","mmadhoun@kbrokerage.com"
"Mahmoud","Fathy","m.abdelgawad@live.com"
"Mahmoud","Nasr","mahmoud@naaasgroup.com"
"Mahmoud","Radwan","mradwan@alkhaleej.com"
"Mahmoud","Ahmed","mahmoud.ahmed@sendiangroup.com"
"Mahmoud","Ayoub","mahmoud.ayoub@movenpick.com"
"Mahmoud","F. El Ashry","ceo.office@alrajhiinvestments.com"
"Mahmoud","Taher","mtaher@darattameen.com"
"Mahmoud","Al Metwaly","m.fawzy@directed.com"
"mahmoud","ali","elbdrey@gmail.com"
"Mahmoud","Aboeita","aboeitamahmoud@gmail.com"
"Mahmoud","Nseirat","nmahmoud.aa@almanagroup.com"
"Mahmoud","Hegazy","mahmoud.hegazy@hilton.com"
"Mahmouad","Hegazy","mahmouad.hegazy@hilton.com"
"Mahmood ","Shaikhani","ms@memon.ae"
"Mahmood","Jarwani			","sidi@sidioman.com"
"Mahmood","Mahmood","mam@qudrah.com"
"Mahmood","Balushi","mahmoodsakhi@almadinalogistics.com"
"Mahmood","Abri","abri05@squ.edu.om"
"Mahmood","Kaghani","mahmood_khaghani@hotmail.com"
"Mahmood","AbuEbeid","mahmood.abuebeid@gmail.com"
"Mahmood","Al-Rawahi","mahmoodal@hotmail.com"
"Mahmood","Adel","mahmood.amfa@gmail.com"
"Mahmood","Al Wahaibi","mahmood.wahaibi@aou.edu.om"
"Mahmoo","Khan","khanzsaif@gmail.com"
"Mahmıd","","info@kentvizyonu.com"
"Mahmad","","mahmad@etihad.ae"
"mahitab ","mekkawi ","mima_me@hotmail.com"
"Mahira","Saqib","mahira.saqib@jotun.com"
"Mahir","Bakry	","malbakri@airarabia.com"
"Mahir","Koca","Mkoca@uni-yaz.com"
"Mahfoodh","Freish Al Fudhiely","ceooffice@oneic.com.om"
"mahesh ","vishwakarma ","mahesh8585.mv@gmail.com"
"MAHESH","YEOTKAR","mahesh.yeotkar@gmail.com"
"Mahesh","Sadhwani","mrsadhwani@icloud.com"
"MAHESH","RAHEJA","mraheja17@gmail.com"
"Mahesh","D. Kala","mahesh@mediaone.com.om"
"Mahesh","Bhadoo","mahesh.bhadoo@jindalshadeed.com"
"Maher M","Al-Mahrouq","m.mahrouq@jci.org.jo"
"Maher","Azzam","ansco@scs-net.org"
"Maher","Dinawi","maher.dinawi@alainholding.ae"
"Maher","Olabi","maher@german-tourism.com"
"Maher","Nassar","maher.nassar@beirutcircle.com"
"Maher","Mizher","mmezher@fnb.com.lb"
"Maher","Abouzeid","maher.abouzeid@ge.com"
"Maher","Hady","maherhady@gmail.com"
"Maher","Alanqar","mahers@keoic.com"
"Maher","Ayoubi","maher.ayoubi@agaoglu.com.tr"
"Maher","Giundi","maher.g@oandotrading.ae"
"maher","hamade","mhamade@gmail.com"
"Maher","Hakim","mhakim@qstp.org.qa"
"Maher","Labban","maher.labban@gmail.com"
"maher","al mohammed","maher.ah@moh.gov.sa"
"Maher","Jaber","maher@avisqatar.com"
"Maher","Al Hojeili","maher@arabianrock.com.sa"
"Maher","Helaby","maher@ertyad.com"
"Maher","Hammoud","m.hammoud@olayangroup.com"
"Mahendra","Gursahani","Mahendra.Gursahani@sc.com"
"Mahdis","","mahdis_si@yahoo.com"
"MAHDI NASEER","AL GAHTANI","MahdiN@rajhisteel.com"
"Mahdi","Sajjad","mahdi.sajjad@gulfsands.com"
"Mahdi","Mattar","mahdi@capminv.ae"
"Mahdi","Gahtani","mahdin@rajhisteel.com"
"Mahdi","Al-Rimawi","ma.rimawi@gmail.com"
"Mahdi","Hajibeygi","m.hajibeygi@irandairy.ir"
"Mahdi","Mobasseri","m.mobasseri@tanavob.com"
"Mahdad","Nassiri","mnassiri@akbarieh.com"
"Mahbob","Mohammed Mahbob Alabdulrahman","Mahboob@its-ksa.com"
"mahammad","Hashemi","sadr@samanehstratus.com"
"Mahamad","Nadaf","mahamad.nadaf@awrostamani.com"
"Mahadi","Ahmed","m.ahmed@rakftz.com"
"Maha.aziz","","maha.aziz@fanr.gov.ae"
"Maha","Ghali","maha.aboughali@moorfields.ae"
"Maha","Elsharnoubi","melsharnoubi@alnoorhospital.com"
"Maha","Ragab		","maharagab@ahlibank.com.qa"
"Maha","Nakhalah","maha@alqandeel.com"
"Maha","Bourachi","maha.bourachi@fourseasons.com"
"Maha","Alnuhait","maha@raz.com.sa"
"Maha","Bourachi","maha.bourachi@moevenpick.com"
"Maha","Salome","maha.salome@banqueaudi.com"
"Maha","Farhan","maha.alfarhan@clinart.net"
"Maha","Siddiqui","maha.siddiqui@mci-group.com"
"Maha","","maha.kilani@tcaabudhabi.ae"
"Maha","","maha.yassine@fgb.ae"
"Maha","Tahan","mtahan@elementssw.com"
"Maha","Chelhot","c_maha@hotmail.com"
"Maha","Hmeid","maha.hmeid@emirates.com"
"Maha","Hamada","maha@works.gov.bh"
"Maha","Omer","mahaomer96@gmail.com"
"Maha","Khaled Mubarak Helal","mkmalhelaal@ded.abudhabi.ae"
"Maha","Al Mamari","maha.almamari@takamul.com"
"Maha","Shahid","maha.shahid@bpgkuwait.com"
"Maha","Almudayimigh","mudaymigh@forus.cc"
"Maha","Abdulrahman Aljarbou","maha.jarbou@tatweer.sa"
"Mah.fa@adia.ae","","mah.fa@adia.ae"
"Magnus","Cruz","mcruz@superpolo.com.co"
"Magnus","Nmonwu","magnus.nmonwu@sage.com"
"Magnus","Amudi","mamudi@aelex.com"
"magiceyes@magiceyes.or.th","","magiceyes@magiceyes.or.th"
"maggie ","nii","maggie@chaingarrison.com"
"Maggie","Saavedra","msaavedra@comesa.com.pe"
"Maggie","El Eid","maggie.eleid@jwt.com"
"Maggie","Wang","Maggie@holly-tech.net"
"Maggen","Martinez","maggenmartinez@gmail.com"
"magfeoLPSUXskVv","rRFXiqCdBf","ssquality@outlook.com"
"Maged","Mostafa","mmostafa@genesismanazil.com"
"Maged","Gubr","maged.gubr@moevenpick.com"
"maged","meshreky","maged@add-effect.com"
"Maged","Gubr","maged.gubr@movenpick.com"
"Magdy","Shoukry","gm@governorsuites.com"
"MAGDI YASSIR ALLAILI","MYA","magsakjed@jgmail.com"
"Magdi","Alnadhari","magdi@ajlanbros.com"
"Magdalene Ewuraesi","Apenteng","mapanteng@mofep.gov.gh"
"magdalena lipsys ","pedroso sardiñas","cga.casasrentamoron@gmail.com"
"Magdalena","Gomez","mcruz@gep.com.mx"
"Magdalena","Flores","magdalena.flores@alpura.com"
"Magdalena","Wojtak","w.magdalena@thebusinessyear.com"
"Magda","Contreras","direccion@amti.org.mx"
"Magda","Sakr","magda.sakr@syriatel.com.sy"
"Magda","Bottier","magda_bottier@claro.com.do"
"magda","kuwaitembassy","magda.kuwaitembassy@hotmail.co.uk"
"Magbanua","","magbanua_r@adsb.ae"
"Magan","Wilson","magan.wilson1@gmail.com"
"Magaly","Pinzon","comercial1@hotelesb3.com"
"Magaly","Toribio","magalytoribio@sectur.gov.do "
"Magaly","Pinzon ","Ventas@hotelesb3.com"
"Magaly","Millán","magaly.millan@gmx.com.mx"
"Magaly","Garduño","magaly.garduno@hotelesprisma.com"
"Magali","Magloire","magali.jeantymagloire@diplomatie.ht"
"Magali","Delgado","maguiarellano@ptp.pe"
"Magali","Kleber","magali.kleber@gmail.com"
"Magali","Ulloa","mculloa@iberia.es"
"mafukeni","mutemachani","mafukeni.mutemachani@yahoo.com"
"Maf.pe@adia.ae","","maf.pe@adia.ae"
"maeva","sabot-sadiq","sabotsadiq_maeva@ladol.com"
"Madyan","Jabr","madyan.jabr@dgcx.ae"
"Mady","Long Sang","adminpanama@thesanusa.us"
"Maduabuchi","Okoye","madu@genesisenergygroup.net"
"Madreen","Al-Maktoomi","madreen@alroya.info"
"Madonna","Habib","marketing.communication@sonestacairo.com"
"Madona","Feghali","madona@dailystar.com.lb"
"Madline","Abbasi","madline.abbasi@hyderconsulting.com"
"Madjid","Khorrami","madjid_khorrami@yahoo.com"
"Madja","Soussi","majda.soussi@engie.com"
"Madiyar","Sultanov","sultanov_madiyar@mail.ru"
"Madina","Aimbetova","aimbetova@time.kz"
"Madina","Sabitova","madina.sabitova@ipceu.net"
"Madina","Bolatbek","mbolatbek@gmail.com"
"Madina","","info@officesolutions.kz"
"Madina","","office@abdi.kz"
"Madina","","zhalimbetova.m@asiacreditbank.kz"
"Madina","Yelebekova","madina.yelebekova@royaltulipalmaty.com"
"Madi ","Mercurio","madi.tby@gmail.com"
"Madhumita","Bhagat","dcm@indembassy.org.tr"
"Madhu","Madathil","mmadathil@russelsmithgroup.com"
"Madhavi","","madhavi.ravi@hkstrategies.com"
"Madhavan","Kutty","kutty@fsecoman.com"
"Madhav","Kurup","madhav.kurup@ae.hellmann.net"
"Madhav","Kurup","madhav.kurup@hellmann.com"
"Madhafar","Alfarsi","mns_556@hotmail.com"
"Madeline","Fathy","post@cairohotelgrandroyal.com"
"Madeline","Ramí­rez","maderamirez@fortaleza.pr.gov"
"Madeleine","Burns","mburns@cenfotur.edu.pe"
"Madelaine","Gibbs","madelaine.gibbs@terrapinn.com"
"Madelaine","Rodriguez de Ycaza","madeleine.rodriguez@pa.scotiabank.com"
"Madam","","anamarie.cruz@fh.ae"
"Madam","Harun","halizahr@um.edu.my"
"Madalin","Safta","consular.ro@gmail.com"
"Madalena","Judice","madalena.judice@ritzcarlton.com"
"Macsud","Sidique","info@terminus.co.mz"
"Macocha","Tembele","tembele@yahoo.co.uk"
"Mack ","Moyer","mack.moyer@pearson.com"
"Mack","Kast","kast.mack@tcnmail.com"
"mack","nene","pramod.singh@techsciresearch.com"
"Machima","","machima.k@grandcanalland.com"
"Machhour","Jeryess","machhour.jeryess@oracle.com"
"Macame","Macame","mmacame@emem.co.mz"
"mac","arquitectos consultores","redsocial@macarquitectos.com.mx"
"Mabel","Rasquinha","MabelR@dewa.gov.ae"
"Mabel","Bencosme","mabel.gonzalez@cei-rd.gov.do"
"Mabel","Aristy","mabel_aristy@claro.com.do"
"Mabel","Roa","ventas@elnuevodiario.com.do"
"Mabel","Dí­az","madiaz@marmotech.com.do"
"Maarten","Pavoordt","maarten@thebusinessyear.com"
"Maan","El Mawas","maanmawas@gmail.com"
"Maamoun","khamis","maamoun@ubholding.com"
"Maalainen","Salama","masalamah@dm.gov.ae"
"Mª","Alonso Ros","mjalonso@cwpanama.net"
"Ma.","Betancourth","mbetancourth@claro.com.ec"
"Ma.","Reyes","director@amchamecuador.org"
"Ma.","Alban","maferalban@hotmail.com"
"Ma.","Flores","mercadeo@hojogye.com"
"Ma.","Sánchez","mariaguadalupe.cabrera@bbva.com"
"Ma Luisa ","Diaz De Leon","marialuisa.diaz@cepal.org"
"Ma Finella Carla ","Canuel","carla.c@arabianhealthcaregroup.ae"
"Ma","Hakim","mamdouh.elhakim@millenniumhotels.com"
"Ma","Jun","majun2@crsc.cn"
